,x
0,DS562855.1_17325102_17326202
1,DS562855.1_17604709_17605809
2,DS562855.1_17717213_17718313
3,DS562855.1_17793186_17794286
4,DS562855.1_17850610_17851710
5,DS562855.1_17927367_17928467
6,DS562855.1_17963096_17964196
7,DS562855.1_17981058_17982158
8,DS562855.1_17984493_17985593
9,DS562855.1_18107565_18108665
10,DS562855.1_18165123_18166223
11,DS562855.1_18244816_18245916
12,DS562855.1_19083904_19085004
13,DS562855.1_19139148_19140248
14,DS562855.1_18763492_18764592
15,DS562855.1_19261363_19262463
16,DS562855.1_19432676_19433776
17,DS562855.1_19447039_19448139
18,DS562855.1_19469701_19470801
19,DS562855.1_19545326_19546426
20,DS562855.1_19600418_19601518
21,DS562855.1_20259647_20260747
22,DS562855.1_20358849_20359949
23,DS562855.1_20487020_20488120
24,DS562855.1_20483135_20484235
25,DS562855.1_20607536_20608636
26,DS562855.1_20687876_20688976
27,DS562855.1_20687876_20688976
28,DS562855.1_20691098_20692198
29,DS562855.1_20797258_20798358
30,DS562855.1_20796859_20797959
31,DS562855.1_20865081_20866181
32,DS562855.1_20851113_20852213
33,DS562855.1_20864982_20866082
34,DS562855.1_20820597_20821697
35,DS562855.1_20869367_20870467
36,DS562855.1_20931260_20932360
37,DS562855.1_20930958_20932058
38,DS562855.1_20930874_20931974
39,DS562855.1_20910513_20911613
40,DS562855.1_20930832_20931932
41,DS562855.1_20975923_20977023
42,DS562855.1_20975923_20977023
43,DS562855.1_21028333_21029433
44,DS562855.1_21044723_21045823
45,DS562855.1_21070169_21071269
46,DS562855.1_21237963_21239063
47,DS562855.1_21263108_21264208
48,DS562855.1_21636253_21637353
49,DS562855.1_21645638_21646738
50,DS562855.1_21671741_21672841
51,DS562855.1_22376594_22377694
52,DS562855.1_22679232_22680332
53,DS562855.1_23054281_23055381
54,DS562855.1_23078558_23079658
55,DS562855.1_23091892_23092992
56,DS562855.1_23131090_23132190
57,DS562855.1_23836621_23837721
58,DS562855.1_23941930_23943030
59,DS562855.1_23927381_23928481
60,DS562855.1_23981205_23982305
61,DS562855.1_24006813_24007913
62,DS562855.1_24018616_24019716
63,DS562855.1_24247214_24248314
64,DS562855.1_24338611_24339711
65,DS562855.1_24767458_24768558
66,DS562855.1_24928442_24929542
67,DS562855.1_25014962_25016062
68,DS562855.1_25024283_25025383
69,DS562855.1_25086948_25088048
70,DS562855.1_25234257_25235357
71,DS562855.1_25287704_25288804
72,DS562855.1_26402003_26403103
73,DS562855.1_26513868_26514968
74,DS562855.1_26558371_26559471
75,DS562855.1_26759465_26760565
76,DS562855.1_27347552_27348652
77,DS562855.1_27577221_27578321
78,DS562855.1_27718782_27719882
79,DS562855.1_27917760_27918860
80,DS562855.1_28018334_28019434
81,DS562855.1_28133452_28134552
82,DS562855.1_28257472_28258572
83,DS562855.1_28257478_28258578
84,DS562855.1_28284228_28285328
85,DS562855.1_28673851_28674951
86,DS562855.1_28697999_28699099
87,DS562855.1_28785102_28786202
88,DS562855.1_28866031_28867131
89,DS562855.1_28895390_28896490
90,DS562855.1_29802833_29803933
91,DS562855.1_29802740_29803840
92,DS562855.1_29802740_29803840
93,DS562855.1_30001562_30002662
94,DS562855.1_30173889_30174989
95,DS562855.1_30556086_30557186
96,DS562855.1_31289869_31290969
97,DS562855.1_32080107_32081207
98,DS562855.1_32196830_32197930
99,DS562855.1_32196830_32197930
